"model_type","run_name","val_loss","val_ppl","oom_threshold"
"vanilla","vanilla_lr1.0e-03","1.5210853815078735","4.577190497955278","16384"
"delta","delta_lr1.0e-03","2.486265182495117","12.01631347116845","16384"
"nsa","nsa_lr1.0e-03","1.9045398235321045","6.716316225716274","16384"